id,url,qr_png
WDEA3U2T,http://woodbinelog.org/#/admin/gift-card?id=WDEA3U2T,out/qr/WDEA3U2T.png
VBQZGYKX,http://woodbinelog.org/#/admin/gift-card?id=VBQZGYKX,out/qr/VBQZGYKX.png
H6BM9BJK,http://woodbinelog.org/#/admin/gift-card?id=H6BM9BJK,out/qr/H6BM9BJK.png
H3HQV8RP,http://woodbinelog.org/#/admin/gift-card?id=H3HQV8RP,out/qr/H3HQV8RP.png
2DYM9W4H,http://woodbinelog.org/#/admin/gift-card?id=2DYM9W4H,out/qr/2DYM9W4H.png
GZCFE7NR,http://woodbinelog.org/#/admin/gift-card?id=GZCFE7NR,out/qr/GZCFE7NR.png
GR93W68B,http://woodbinelog.org/#/admin/gift-card?id=GR93W68B,out/qr/GR93W68B.png
JBB3NJJF,http://woodbinelog.org/#/admin/gift-card?id=JBB3NJJF,out/qr/JBB3NJJF.png
A5EKW4L8,http://woodbinelog.org/#/admin/gift-card?id=A5EKW4L8,out/qr/A5EKW4L8.png
BDK8YHHE,http://woodbinelog.org/#/admin/gift-card?id=BDK8YHHE,out/qr/BDK8YHHE.png
KYX6SRM3,http://woodbinelog.org/#/admin/gift-card?id=KYX6SRM3,out/qr/KYX6SRM3.png
3J25VYLQ,http://woodbinelog.org/#/admin/gift-card?id=3J25VYLQ,out/qr/3J25VYLQ.png
5AGTRTKX,http://woodbinelog.org/#/admin/gift-card?id=5AGTRTKX,out/qr/5AGTRTKX.png
WN8WNBMN,http://woodbinelog.org/#/admin/gift-card?id=WN8WNBMN,out/qr/WN8WNBMN.png
LQN53ZFM,http://woodbinelog.org/#/admin/gift-card?id=LQN53ZFM,out/qr/LQN53ZFM.png
9XDR3UYZ,http://woodbinelog.org/#/admin/gift-card?id=9XDR3UYZ,out/qr/9XDR3UYZ.png
DV5B8WG3,http://woodbinelog.org/#/admin/gift-card?id=DV5B8WG3,out/qr/DV5B8WG3.png
HMEJW6YZ,http://woodbinelog.org/#/admin/gift-card?id=HMEJW6YZ,out/qr/HMEJW6YZ.png
VS9VZU7N,http://woodbinelog.org/#/admin/gift-card?id=VS9VZU7N,out/qr/VS9VZU7N.png
PNQAQ56Q,http://woodbinelog.org/#/admin/gift-card?id=PNQAQ56Q,out/qr/PNQAQ56Q.png
94SS46H4,http://woodbinelog.org/#/admin/gift-card?id=94SS46H4,out/qr/94SS46H4.png
FAC6RFG4,http://woodbinelog.org/#/admin/gift-card?id=FAC6RFG4,out/qr/FAC6RFG4.png
9QY6HGKC,http://woodbinelog.org/#/admin/gift-card?id=9QY6HGKC,out/qr/9QY6HGKC.png
EUQ67LBA,http://woodbinelog.org/#/admin/gift-card?id=EUQ67LBA,out/qr/EUQ67LBA.png
PV3WNQVF,http://woodbinelog.org/#/admin/gift-card?id=PV3WNQVF,out/qr/PV3WNQVF.png
72V59DS5,http://woodbinelog.org/#/admin/gift-card?id=72V59DS5,out/qr/72V59DS5.png
W9ASS28L,http://woodbinelog.org/#/admin/gift-card?id=W9ASS28L,out/qr/W9ASS28L.png
AWN8P7TY,http://woodbinelog.org/#/admin/gift-card?id=AWN8P7TY,out/qr/AWN8P7TY.png
HYW5G5B8,http://woodbinelog.org/#/admin/gift-card?id=HYW5G5B8,out/qr/HYW5G5B8.png
DC8DSGLV,http://woodbinelog.org/#/admin/gift-card?id=DC8DSGLV,out/qr/DC8DSGLV.png
RZYSR85J,http://woodbinelog.org/#/admin/gift-card?id=RZYSR85J,out/qr/RZYSR85J.png
FD2W5T5Z,http://woodbinelog.org/#/admin/gift-card?id=FD2W5T5Z,out/qr/FD2W5T5Z.png
2JA9WE7P,http://woodbinelog.org/#/admin/gift-card?id=2JA9WE7P,out/qr/2JA9WE7P.png
TT9UHEAU,http://woodbinelog.org/#/admin/gift-card?id=TT9UHEAU,out/qr/TT9UHEAU.png
RGXPXSDW,http://woodbinelog.org/#/admin/gift-card?id=RGXPXSDW,out/qr/RGXPXSDW.png
LA6N9K52,http://woodbinelog.org/#/admin/gift-card?id=LA6N9K52,out/qr/LA6N9K52.png
3CW5WAZL,http://woodbinelog.org/#/admin/gift-card?id=3CW5WAZL,out/qr/3CW5WAZL.png
LAJTGT3Y,http://woodbinelog.org/#/admin/gift-card?id=LAJTGT3Y,out/qr/LAJTGT3Y.png
DX964W4R,http://woodbinelog.org/#/admin/gift-card?id=DX964W4R,out/qr/DX964W4R.png
U4S8U5GL,http://woodbinelog.org/#/admin/gift-card?id=U4S8U5GL,out/qr/U4S8U5GL.png
FF6NEMPP,http://woodbinelog.org/#/admin/gift-card?id=FF6NEMPP,out/qr/FF6NEMPP.png
AGAX4DTU,http://woodbinelog.org/#/admin/gift-card?id=AGAX4DTU,out/qr/AGAX4DTU.png
RQXXNXMH,http://woodbinelog.org/#/admin/gift-card?id=RQXXNXMH,out/qr/RQXXNXMH.png
DL7V7M22,http://woodbinelog.org/#/admin/gift-card?id=DL7V7M22,out/qr/DL7V7M22.png
9FEG4PAP,http://woodbinelog.org/#/admin/gift-card?id=9FEG4PAP,out/qr/9FEG4PAP.png
BZZSD3YJ,http://woodbinelog.org/#/admin/gift-card?id=BZZSD3YJ,out/qr/BZZSD3YJ.png
94Q745S9,http://woodbinelog.org/#/admin/gift-card?id=94Q745S9,out/qr/94Q745S9.png
KUG4WTWW,http://woodbinelog.org/#/admin/gift-card?id=KUG4WTWW,out/qr/KUG4WTWW.png
PB2UH435,http://woodbinelog.org/#/admin/gift-card?id=PB2UH435,out/qr/PB2UH435.png
PB3S5JCG,http://woodbinelog.org/#/admin/gift-card?id=PB3S5JCG,out/qr/PB3S5JCG.png
8CUWT2F3,http://woodbinelog.org/#/admin/gift-card?id=8CUWT2F3,out/qr/8CUWT2F3.png
MGPQXVDN,http://woodbinelog.org/#/admin/gift-card?id=MGPQXVDN,out/qr/MGPQXVDN.png
XNBRJYH6,http://woodbinelog.org/#/admin/gift-card?id=XNBRJYH6,out/qr/XNBRJYH6.png
8QK3B6XN,http://woodbinelog.org/#/admin/gift-card?id=8QK3B6XN,out/qr/8QK3B6XN.png
2GTUZ7N2,http://woodbinelog.org/#/admin/gift-card?id=2GTUZ7N2,out/qr/2GTUZ7N2.png
EEQJ9U6T,http://woodbinelog.org/#/admin/gift-card?id=EEQJ9U6T,out/qr/EEQJ9U6T.png
WECLFEBF,http://woodbinelog.org/#/admin/gift-card?id=WECLFEBF,out/qr/WECLFEBF.png
NS9AMVFS,http://woodbinelog.org/#/admin/gift-card?id=NS9AMVFS,out/qr/NS9AMVFS.png
UYGEWMQ8,http://woodbinelog.org/#/admin/gift-card?id=UYGEWMQ8,out/qr/UYGEWMQ8.png
27R3PKEN,http://woodbinelog.org/#/admin/gift-card?id=27R3PKEN,out/qr/27R3PKEN.png
NX5WBCHY,http://woodbinelog.org/#/admin/gift-card?id=NX5WBCHY,out/qr/NX5WBCHY.png
M3P76DNC,http://woodbinelog.org/#/admin/gift-card?id=M3P76DNC,out/qr/M3P76DNC.png
7ZFQQLZS,http://woodbinelog.org/#/admin/gift-card?id=7ZFQQLZS,out/qr/7ZFQQLZS.png
SL7CZTCX,http://woodbinelog.org/#/admin/gift-card?id=SL7CZTCX,out/qr/SL7CZTCX.png
YCTKB95W,http://woodbinelog.org/#/admin/gift-card?id=YCTKB95W,out/qr/YCTKB95W.png
WTNX5MP6,http://woodbinelog.org/#/admin/gift-card?id=WTNX5MP6,out/qr/WTNX5MP6.png
TA8JRWDA,http://woodbinelog.org/#/admin/gift-card?id=TA8JRWDA,out/qr/TA8JRWDA.png
LJP8G5UD,http://woodbinelog.org/#/admin/gift-card?id=LJP8G5UD,out/qr/LJP8G5UD.png
BEUX4UNT,http://woodbinelog.org/#/admin/gift-card?id=BEUX4UNT,out/qr/BEUX4UNT.png
F2SCSVQP,http://woodbinelog.org/#/admin/gift-card?id=F2SCSVQP,out/qr/F2SCSVQP.png
KN5KN6XR,http://woodbinelog.org/#/admin/gift-card?id=KN5KN6XR,out/qr/KN5KN6XR.png
LMKYYTB3,http://woodbinelog.org/#/admin/gift-card?id=LMKYYTB3,out/qr/LMKYYTB3.png
3754X6WR,http://woodbinelog.org/#/admin/gift-card?id=3754X6WR,out/qr/3754X6WR.png
X6QQZF2A,http://woodbinelog.org/#/admin/gift-card?id=X6QQZF2A,out/qr/X6QQZF2A.png
R7LWCMHL,http://woodbinelog.org/#/admin/gift-card?id=R7LWCMHL,out/qr/R7LWCMHL.png
P5UXQ95N,http://woodbinelog.org/#/admin/gift-card?id=P5UXQ95N,out/qr/P5UXQ95N.png
T6LPSL3M,http://woodbinelog.org/#/admin/gift-card?id=T6LPSL3M,out/qr/T6LPSL3M.png
ZSNJKD36,http://woodbinelog.org/#/admin/gift-card?id=ZSNJKD36,out/qr/ZSNJKD36.png
VVW7CDMD,http://woodbinelog.org/#/admin/gift-card?id=VVW7CDMD,out/qr/VVW7CDMD.png
3HJJG7CK,http://woodbinelog.org/#/admin/gift-card?id=3HJJG7CK,out/qr/3HJJG7CK.png
H4PS2WFY,http://woodbinelog.org/#/admin/gift-card?id=H4PS2WFY,out/qr/H4PS2WFY.png
3EQ6DZWL,http://woodbinelog.org/#/admin/gift-card?id=3EQ6DZWL,out/qr/3EQ6DZWL.png
9UXJNRB4,http://woodbinelog.org/#/admin/gift-card?id=9UXJNRB4,out/qr/9UXJNRB4.png
Y5W4WTHB,http://woodbinelog.org/#/admin/gift-card?id=Y5W4WTHB,out/qr/Y5W4WTHB.png
BTEXD9R4,http://woodbinelog.org/#/admin/gift-card?id=BTEXD9R4,out/qr/BTEXD9R4.png
LC82FUB4,http://woodbinelog.org/#/admin/gift-card?id=LC82FUB4,out/qr/LC82FUB4.png
LBAYZWKK,http://woodbinelog.org/#/admin/gift-card?id=LBAYZWKK,out/qr/LBAYZWKK.png
T8J3WPPX,http://woodbinelog.org/#/admin/gift-card?id=T8J3WPPX,out/qr/T8J3WPPX.png
H3R784QE,http://woodbinelog.org/#/admin/gift-card?id=H3R784QE,out/qr/H3R784QE.png
YU8A9YLV,http://woodbinelog.org/#/admin/gift-card?id=YU8A9YLV,out/qr/YU8A9YLV.png
P4RAEQEU,http://woodbinelog.org/#/admin/gift-card?id=P4RAEQEU,out/qr/P4RAEQEU.png
T3V7A6PJ,http://woodbinelog.org/#/admin/gift-card?id=T3V7A6PJ,out/qr/T3V7A6PJ.png
H52S3QN7,http://woodbinelog.org/#/admin/gift-card?id=H52S3QN7,out/qr/H52S3QN7.png
25C49PUB,http://woodbinelog.org/#/admin/gift-card?id=25C49PUB,out/qr/25C49PUB.png
WN3HGQQ6,http://woodbinelog.org/#/admin/gift-card?id=WN3HGQQ6,out/qr/WN3HGQQ6.png
XW9E3QRF,http://woodbinelog.org/#/admin/gift-card?id=XW9E3QRF,out/qr/XW9E3QRF.png
U8SJASLG,http://woodbinelog.org/#/admin/gift-card?id=U8SJASLG,out/qr/U8SJASLG.png
7Q5F3M2G,http://woodbinelog.org/#/admin/gift-card?id=7Q5F3M2G,out/qr/7Q5F3M2G.png
3CUBW5B8,http://woodbinelog.org/#/admin/gift-card?id=3CUBW5B8,out/qr/3CUBW5B8.png
ECDAMWNA,http://woodbinelog.org/#/admin/gift-card?id=ECDAMWNA,out/qr/ECDAMWNA.png
